StartDate,EndDate,Status,IPAddress,Progress,Duration (in seconds),Finished,RecordedDate,ResponseId,RecipientLastName,RecipientFirstName,RecipientEmail,ExternalReference,LocationLatitude,LocationLongitude,DistributionChannel,UserLanguage,Q2,Q3,Q36,Q4,Q4_5_TEXT,Q5,Q6,Q7,Q8,Q9,Q9_3_TEXT,Q10,Q10_5_TEXT,Q11,Q12,Q13,Q14,Q15,Q15_5_TEXT,Q16,Q32_1,Q32_2,Q32_3,Q32_4,Q32_5,Q32_6,Q32_7,Q32_8,Q32_9,Q32_10,Q32_10_TEXT,Q33,Q17,Q18_1,Q18_2,Q18_3,Q18_4,Q18_6,Q18_5,Q18_5_TEXT,Q20,Q21,Q22,Q23,Q24,Q25,Q26
Start Date,End Date,Response Type,IP Address,Progress,Duration (in seconds),Finished,Recorded Date,Response ID,Recipient Last Name,Recipient First Name,Recipient Email,External Data Reference,Location Latitude,Location Longitude,Distribution Channel,User Language,Do you live in Mills County?,How long have you lived in  Mills County?,Where is your primary residence in Mills County?,What is the main reason you do not live in Mills County? Select all that apply. - Selected Choice,What is the main reason you do not live in Mills County? Select all that apply. - Other - Text,What would help you decide to move to Mills County if you do not currently live here? Select all that apply.,Are you interested in another type of home in Mills County? Select all that apply.,What price range of house would you be looking for if you wanted to purchase a home in Mills County?,Do you work in Mills County?,Which of the following best describes your living arrangement? - Selected Choice,Which of the following best describes your living arrangement? - Other - Text,What type of structure do you live in? - Selected Choice,What type of structure do you live in? - Other - Text,How much do you spend monthly in housing (mortgage or rent plus utilities)?,How would you rate the condition of your dwelling in Mills County?,Would you participate in an incentive program to help homeowners and landlords make exterior improvements to their home?,Would you support a rental property registration and inspection program?,"In your experience, what is the main barrier to home ownership in Mills County? - Selected Choice","In your experience, what is the main barrier to home ownership in Mills County? - Other - Text",Would you or a family member be interested in living in the following housing options in the future if built in  Mills County? Check all that apply.,"In considering purchasing a home, what features are most important to you: - Connection to city water","In considering purchasing a home, what features are most important to you: - Connection to public sewer system (not septic tank)","In considering purchasing a home, what features are most important to you: - A large lot","In considering purchasing a home, what features are most important to you: - A basement","In considering purchasing a home, what features are most important to you: - Location outside of town","In considering purchasing a home, what features are most important to you: - School district","In considering purchasing a home, what features are most important to you: - Cell phone service","In considering purchasing a home, what features are most important to you: - Low maintenance yard","In considering purchasing a home, what features are most important to you: - Fast internet service (broadband)","In considering purchasing a home, what features are most important to you: - Other","In considering purchasing a home, what features are most important to you: - Other - Text","What community amenities (for example: parks, restaurants, library) are important to you in choosing a location to live?",Would you be interested in learning more about an investor group for housing projects in Mills County?,What should be the top priorities for improving housing in Mills County? (Rank in order of importance with 1 being the most important. Click on the statement and drag the statement into the order of importance.) - Building more rental housing units,What should be the top priorities for improving housing in Mills County? (Rank in order of importance with 1 being the most important. Click on the statement and drag the statement into the order of importance.) - Create a program of assistance and incentives to improve existing housing,What should be the top priorities for improving housing in Mills County? (Rank in order of importance with 1 being the most important. Click on the statement and drag the statement into the order of importance.) - Improve infrastructure and amenities for current residents,What should be the top priorities for improving housing in Mills County? (Rank in order of importance with 1 being the most important. Click on the statement and drag the statement into the order of importance.) - Build more new single family housing units,What should be the top priorities for improving housing in Mills County? (Rank in order of importance with 1 being the most important. Click on the statement and drag the statement into the order of importance.) - Increase employment opportunities and access to better paying jobs,What should be the top priorities for improving housing in Mills County? (Rank in order of importance with 1 being the most important. Click on the statement and drag the statement into the order of importance.) - Other,What should be the top priorities for improving housing in Mills County? (Rank in order of importance with 1 being the most important. Click on the statement and drag the statement into the order of importance.) - Other - Text,What are the SPECIFIC ACTIONS that we as a community should take to improve access to quality and affordable housing in Mills County ?,What is your sex or gender?,What is your age?,"How many adults (18 +) live in the household, including yourself?",How many children (0-17) live in the household?,What race or ethnicity do you consider yourself to be?,What income bracket does your household fall under? (Include the income of all who contribute toward the expenses of the household.)
"{""ImportId"":""startDate"",""timeZone"":""America/Denver""}","{""ImportId"":""endDate"",""timeZone"":""America/Denver""}","{""ImportId"":""status""}","{""ImportId"":""ipAddress""}","{""ImportId"":""progress""}","{""ImportId"":""duration""}","{""ImportId"":""finished""}","{""ImportId"":""recordedDate"",""timeZone"":""America/Denver""}","{""ImportId"":""_recordId""}","{""ImportId"":""recipientLastName""}","{""ImportId"":""recipientFirstName""}","{""ImportId"":""recipientEmail""}","{""ImportId"":""externalDataReference""}","{""ImportId"":""locationLatitude""}","{""ImportId"":""locationLongitude""}","{""ImportId"":""distributionChannel""}","{""ImportId"":""userLanguage""}","{""ImportId"":""QID2""}","{""ImportId"":""QID4""}","{""ImportId"":""QID39""}","{""ImportId"":""QID28""}","{""ImportId"":""QID28_5_TEXT""}","{""ImportId"":""QID29""}","{""ImportId"":""QID5""}","{""ImportId"":""QID8""}","{""ImportId"":""QID9""}","{""ImportId"":""QID11""}","{""ImportId"":""QID11_3_TEXT""}","{""ImportId"":""QID12""}","{""ImportId"":""QID12_5_TEXT""}","{""ImportId"":""QID13""}","{""ImportId"":""QID14""}","{""ImportId"":""QID15""}","{""ImportId"":""QID16""}","{""ImportId"":""QID17""}","{""ImportId"":""QID17_5_TEXT""}","{""ImportId"":""QID30""}","{""ImportId"":""QID35_1""}","{""ImportId"":""QID35_2""}","{""ImportId"":""QID35_3""}","{""ImportId"":""QID35_4""}","{""ImportId"":""QID35_5""}","{""ImportId"":""QID35_6""}","{""ImportId"":""QID35_7""}","{""ImportId"":""QID35_8""}","{""ImportId"":""QID35_9""}","{""ImportId"":""QID35_10""}","{""ImportId"":""QID35_10_TEXT""}","{""ImportId"":""QID36_TEXT""}","{""ImportId"":""QID18""}","{""ImportId"":""QID19_1""}","{""ImportId"":""QID19_2""}","{""ImportId"":""QID19_3""}","{""ImportId"":""QID19_4""}","{""ImportId"":""QID19_5""}","{""ImportId"":""QID19_6""}","{""ImportId"":""QID19_5_TEXT""}","{""ImportId"":""QID21_TEXT""}","{""ImportId"":""QID22""}","{""ImportId"":""QID23""}","{""ImportId"":""QID24""}","{""ImportId"":""QID25""}","{""ImportId"":""QID26""}","{""ImportId"":""QID27""}"
2021-04-30 12:40:41,2021-04-30 12:41:57,IP Address,129.186.251.128,100,75,True,2021-04-30 12:41:57,R_2bJnQRlkVtl4IDb,,,,,42.0514068603515625,-93.69080352783203125,anonymous,EN,,,,,,,,,,,,,,,,,,,,,,,,,,,,,,,,,,,,,,,,,,,,,,,
2021-04-30 20:09:16,2021-04-30 20:11:41,IP Address,173.22.90.124,100,144,True,2021-04-30 20:11:42,R_1jddxC2hPcJ3NHl,,,,,41.6244049072265625,-93.669403076171875,anonymous,EN,,,,,,,,,,,,,,,,,,,,,,,,,,,,,,,,,,1,3,2,4,5,6,,,,,,,,
2021-05-10 14:41:59,2021-05-10 14:49:57,IP Address,63.230.40.97,100,477,True,2021-05-10 14:49:57,R_w7VCStvMT1B442l,,,,,41.232696533203125,-96.113800048828125,anonymous,EN,Yes,1-5 years,Glenwood,,,,,"$250,000-$325,000",Yes,Own,,Single family home,,"$1,200-$1,499",Excellent,Yes,Yes,Not enough affordable housing,,Single family home,Not at all important,Not at all important,Very important,Very important,Very important,Very important,Important,Not at all important,Important,,,"Restaurants, grocery, family friendly activities",Yes,4,3,2,1,5,6,,,Female,26 - 40,2,2,White or Caucasian,"$200,000 or more"
2021-05-11 14:54:27,2021-05-11 14:55:21,IP Address,63.230.40.97,100,54,True,2021-05-11 14:55:22,R_yrUWnimRTn9PWxP,,,,,41.232696533203125,-96.113800048828125,anonymous,EN,,,,,,,,,,,,,,,,,,,,,,,,,,,,,,,,,,,,,,,,,,,,,,,
2021-05-12 12:12:16,2021-05-12 12:54:20,IP Address,129.186.251.128,17,2523,False,2021-05-19 12:54:23,R_1JVf3u50DRTn33l,,,,,,,anonymous,EN,No,,,,,,,,,,,,,,,,,,,,,,,,,,,,,,,,,,,,,,,,,,,,,,
2021-05-20 08:57:11,2021-05-20 09:00:18,IP Address,104.222.93.12,100,186,True,2021-05-20 09:00:18,R_22rI8rte85MUFLd,,,,,41.0457000732421875,-95.7353973388671875,anonymous,EN,No,,,Difficult to find a home to purchase here that suits my family’s needs,,"Better community amenities (parks, community center, library, restaurants)",,"$250,000-$325,000",,,,,,,,,,Not enough affordable housing,,Single family home,Important,Important,Slightly important,Important,Slightly important,Very important,Very important,Very important,Very important,,,"Not enough restaurants in Glenwood.  ",No,4,2,3,5,1,6,,Need more developers that have access to land,Male,26 - 40,3,1,White or Caucasian,"$100,000-$149,999"
2021-05-20 09:06:48,2021-05-20 09:12:33,IP Address,173.26.193.160,100,344,True,2021-05-20 09:12:33,R_Djy9ag3hsCarlzr,,,,,41.0457000732421875,-95.7353973388671875,anonymous,EN,Yes,More than 10 years,Unincorporated Mills County,,,,Not interested in a different home,"$325,000-$400,000",Yes,Own,,Single family home,,Less than $300,Good,Yes,No,Not enough affordable housing,,"Townhome,Condo,Single family home",Extremely important,Slightly important,Important,Extremely important,Extremely important,Extremely important,Extremely important,Important,Extremely important,,,Parks/Trails/Rural water/Broadband,Yes,,,,,,,,"improving infrastructure throughout Mills County. ",Male,41-55,3,4,White or Caucasian,"$100,000-$149,999"
2021-05-20 09:08:56,2021-05-20 09:13:31,IP Address,67.3.189.145,100,275,True,2021-05-20 09:13:32,R_3e1e2EMYGa5bZ5f,,,,,41.237701416015625,-95.9998016357421875,anonymous,EN,Yes,More than 10 years,Glenwood,,,,Not interested in a different home,"$175,000-$250,000",Yes,Rent,,Duplex/Fourplex,,"$900-$1,199",Excellent,Yes,Yes,Not enough affordable housing,,Condo,Extremely important,Very important,Important,Important,Important,Extremely important,Extremely important,Very important,Extremely important,Not at all important,,"Parks, pool, good restaurants",Yes,4,5,1,3,2,6,,,Female,56-70,2,0,White or Caucasian,"$60,000-$79,999"
2021-05-20 10:05:00,2021-05-20 10:22:50,IP Address,208.95.206.162,100,1070,True,2021-05-20 10:22:51,R_2ZUepfOwXMTSSPh,,,,,41.0457000732421875,-95.7353973388671875,anonymous,EN,Yes,More than 10 years,Glenwood,,,,Not interested in a different home,"$325,000-$400,000",Yes,Own,,Single family home,,Less than $300,Excellent,No,Yes,Not enough affordable housing,,"Townhome,Single family home",Extremely important,Very important,Not at all important,Extremely important,Not at all important,Extremely important,Extremely important,Very important,Extremely important,,,"Golf, bike and walking trails, parks, school quality, employment opportunities",Yes,2,5,4,3,1,6,,"Find ways to incentivize and help local developers and builders , develop affordable housing for more people.",Male,56-70,2,0,White or Caucasian,"$200,000 or more"
2021-05-20 10:14:58,2021-05-20 10:24:59,IP Address,173.215.87.48,100,601,True,2021-05-20 10:25:00,R_3J97Nx1cEcPx4PJ,,,,,41.311798095703125,-95.3834991455078125,anonymous,EN,No,,,"I own a home elsewhere,My spouse works in another community",,Shorter commute,,"$175,000-$250,000",,,,,,,,,,Other,"Not enough affordable housing but not enough quality homes and the inventory levels are low. ",Single family home,Slightly important,Slightly important,Important,Very important,Very important,Very important,Very important,Slightly important,Extremely important,,,"Restaurants and shopping for day-to-day necessities. Not having to drive to Council Bluffs to visit a Wal-Mart or Hy-Vee. ",No,2,5,4,1,3,6,,"Help smaller communities in Mills County understand how to rid their township of run down properties so affordable housing can replace these depleted lots. People in small towns tend to have a lesser budget to work with so affordable housing would be more in line with their needs as opposed to building homes that are $300-$500K+ ",Male,56-70,3,0,White or Caucasian,"$100,000-$149,999"
2021-05-20 10:26:05,2021-05-20 10:31:08,IP Address,174.77.78.233,100,303,True,2021-05-20 10:31:08,R_12i1dKF7KdZXp8U,,,,,41.285400390625,-96.1493988037109375,anonymous,EN,Yes,1-5 years,Glenwood,,,,Not interested in a different home,"$325,000-$400,000",No,Own,,Single family home,,"$2,000 or more",Excellent,Yes,Yes,Other,"I can’t provide a knowledgeable answer to this ",Single family home,Slightly important,Slightly important,Extremely important,Extremely important,Very important,Extremely important,Extremely important,Not at all important,Extremely important,Extremely important,"Neighborhood playgrounds for kids ","Recreational activities ",Yes,1,2,3,4,5,6,"I do not have enough knowledge to answer this question ",,Female,41-55,4,1,Hispanic or Latino,"$200,000 or more"
2021-05-20 10:36:32,2021-05-20 10:42:24,IP Address,166.181.82.14,100,352,True,2021-05-20 10:42:24,R_28HCYs9oZIAHtwF,,,,,41.6020965576171875,-93.612396240234375,anonymous,EN,Yes,6-10 years,Glenwood,,,,"Would be interested in down-sizing,Would be interested in renting,Would be interested in an existing single-family home","$100,000-$175,000",No,Own,,Single family home,,"$1,500-1,999",Fair,Yes,Yes,Not enough affordable housing,,"Apartment,Single family home",Not at all important,Not at all important,Important,Very important,Very important,Very important,Extremely important,Important,Extremely important,,,"Parks, restaurants, grocery shopping ",No,1,2,5,3,4,6,,,Female,41-55,2,3,White or Caucasian,"$40,000-$59,999"
2021-05-20 10:29:06,2021-05-20 10:42:43,IP Address,50.82.163.203,100,816,True,2021-05-20 10:42:43,R_XtwMpEjj6uFeAmJ,,,,,41.0072021484375,-95.22609710693359375,anonymous,EN,Yes,More than 10 years,Glenwood,,,,Would be interested in down-sizing,"$175,000-$250,000",Retired,Own,,Single family home,,Less than $300,Excellent,No,Yes,Not enough affordable housing,,"Duplex,Townhome,Condo",Important,Important,Not at all important,Slightly important,Not at all important,Not at all important,Very important,Important,Very important,,1 level,Well kept neighborhood properties,,3,2,5,1,4,6,"We are and always will be a bedroom to Omaha metro. Promote it as such ","High speed internet, promote bedroom community, working from home., increase road lighting at town entrance. Establish coop investment groups promote small businesses.",Male,71+,1,0,White or Caucasian,"$200,000 or more"
2021-05-20 10:38:18,2021-05-20 10:47:49,IP Address,174.198.92.7,100,571,True,2021-05-20 10:47:49,R_21jEfgLVyGM4JYx,,,,,41.232696533203125,-96.113800048828125,anonymous,EN,Yes,More than 10 years,Unincorporated Mills County,,,,Not interested in a different home,"Over $400,000",Retired,Own,,Single family home,,"$2,000 or more",Excellent,No,No,Other,,,Not at all important,Not at all important,Extremely important,Extremely important,Extremely important,Not at all important,Extremely important,Important,Important,,Country atmosphere free from industrialization.,The leadership of Mills County and Iowa Economic Development want to industrialize the county. Most people have moved to the acreages throughout the county to escape the city and its industry in favor of peace and quiet. Putting industry in our serene countryside would be a big mistake.,No,4,2,1,3,5,6,,,Female,56-70,3,0,White or Caucasian,"$200,000 or more"
2021-05-20 10:43:11,2021-05-20 10:48:30,IP Address,173.215.113.141,100,318,True,2021-05-20 10:48:30,R_2s1GGJjOwEsEfNh,,,,,41.0457000732421875,-95.7353973388671875,anonymous,EN,Yes,1-5 years,Glenwood,,,,"Would be interested in up-sizing,Would be interested in a new construction single-family home","$325,000-$400,000",No,Own,,Single family home,,"$1,500-1,999",Good,Yes,Yes,Not enough affordable housing,,Single family home,Very important,Not at all important,Extremely important,Extremely important,Extremely important,Extremely important,Very important,Important,Slightly important,,,,No,5,2,1,3,4,6,,Do not compete with the housing market as big city like omaha. They are not the same in reality,Female,26 - 40,2,2,Don’t wish to answer,"$80,000-$99,999"
2021-05-20 10:43:20,2021-05-20 10:48:43,IP Address,104.222.93.58,100,323,True,2021-05-20 10:48:44,R_3NE5nlL3Tu79BLB,,,,,41.0457000732421875,-95.7353973388671875,anonymous,EN,Yes,More than 10 years,Glenwood,,,,Not interested in a different home,"$250,000-$325,000",Yes,Own,,Single family home,,"$1,500-1,999",Good,Yes,Yes,Not enough affordable housing,,Single family home,Not at all important,Not at all important,Extremely important,Extremely important,Extremely important,Extremely important,Very important,Not at all important,Extremely important,,,NA,Yes,1,3,2,5,4,6,,"Get control of land so ALL builders can build within a sub-development.  ",Male,41-55,3,0,White or Caucasian,"$150,000-$199,999"
2021-05-20 10:44:56,2021-05-20 10:52:10,IP Address,97.119.217.154,100,433,True,2021-05-20 10:52:11,R_2tJqLF7Tb0YsYol,,,,,41.237701416015625,-95.9998016357421875,anonymous,EN,Yes,More than 10 years,Glenwood,,,,Would be interested in a new construction single-family home,"$175,000-$250,000",No,Own,,Single family home,,$700-$899,Good,Yes,Yes,Not enough affordable housing,,Single family home,Not at all important,Not at all important,Very important,Very important,Important,Not at all important,Important,Not at all important,Extremely important,Extremely important,Fair Tax Assessment,"Fair Tax Assessment, Grocery Store, Restaurants, Outdoor Spaces (County Lakes, Parks), Hardware Store",Yes,4,3,2,5,6,1,Fair Tax Assessment,"Stop allowing Jim Hughes to set the market on the crap houses his son builds. 

Fairly assess ALL properties per the law and with competence.

Make the Hughes's either charge less or improve their crappy rental properties.",Male,41-55,2,0,White or Caucasian,"$200,000 or more"
2021-05-20 10:52:29,2021-05-20 10:56:31,IP Address,166.181.83.74,100,241,True,2021-05-20 10:56:31,R_31azYbZRH9Y5qOA,,,,,43.0381927490234375,-87.910003662109375,anonymous,EN,Yes,More than 10 years,Unincorporated Mills County,,,,Would be interested in down-sizing,"Over $400,000",No,Own,,Single family home,,"$2,000 or more",Excellent,Yes,No,Not enough affordable housing,,Condo,Not at all important,Not at all important,Not at all important,Slightly important,Not at all important,Extremely important,Extremely important,Extremely important,Extremely important,,,We have enough things that suck up property taxes dollars!,Yes,4,5,3,2,1,6,,PLEASE DO NOT let the entire Hughes family dictate the future of Mills County. They don’t represent all of us!!!!,Female,41-55,2,2,White or Caucasian,"$150,000-$199,999"
2021-05-20 10:52:13,2021-05-20 10:56:46,IP Address,173.26.195.93,100,273,True,2021-05-20 10:56:46,R_2pXMol1Z2olSv8P,,,,,41.0457000732421875,-95.7353973388671875,anonymous,EN,Yes,More than 10 years,Glenwood,,,,Not interested in a different home,"$250,000-$325,000",Yes,Own,,Single family home,,Less than $300,Excellent,Yes,Yes,Not enough affordable housing,,Townhome,Slightly important,Slightly important,Not at all important,Important,Slightly important,Not at all important,Important,Not at all important,Important,,,,No,4,5,2,3,1,6,,,Female,56-70,2,0,White or Caucasian,"$200,000 or more"
2021-05-20 10:52:45,2021-05-20 10:59:52,IP Address,69.80.127.2,100,426,True,2021-05-20 10:59:52,R_21aBQ4c0vr2CRK0,,,,,41.0457000732421875,-95.7353973388671875,anonymous,EN,Yes,More than 10 years,Glenwood,,,,Not interested in a different home,"$175,000-$250,000",No,Own,,Single family home,,$300-$499,Excellent,Yes,Yes,Not enough affordable housing,,Single family home,Not at all important,Not at all important,Extremely important,Not at all important,Extremely important,Important,Extremely important,Not at all important,Extremely important,,,,No,5,3,1,4,2,6,,,Male,41-55,2,0,White or Caucasian,"$80,000-$99,999"
2021-05-20 10:54:54,2021-05-20 11:01:54,IP Address,166.181.83.191,100,419,True,2021-05-20 11:01:55,R_27m8Qj9XMH9tM3D,,,,,43.0381927490234375,-87.910003662109375,anonymous,EN,Yes,More than 10 years,Glenwood,,,,"Would be interested in up-sizing,Would be interested in a new construction single-family home,Would be interested in an existing single-family home","$175,000-$250,000",No,Own,,Single family home,,"$900-$1,199",Good,Yes,Yes,Not enough affordable housing,,Single family home,Slightly important,Slightly important,Important,Important,Very important,Important,Very important,Not at all important,Very important,,,,No,5,1,4,2,3,6,,,Male,26 - 40,2,2,White or Caucasian,"$100,000-$149,999"
2021-05-20 10:53:45,2021-05-20 11:02:04,IP Address,216.145.152.2,100,498,True,2021-05-20 11:02:04,R_2BhtYOOFhP1Zmek,,,,,40.89959716796875,-95.674896240234375,anonymous,EN,Yes,1-5 years,Tabor,,,,Not interested in a different home,"$100,000-$175,000",No,Own,,Single family home,,"$900-$1,199",Good,Yes,Yes,Not enough affordable housing,,Single family home,Slightly important,Slightly important,Slightly important,Important,Slightly important,Important,Very important,Not at all important,Important,,,"Restaurants, convenience stores, parks, shopping",No,5,3,2,4,1,6,,"Encourage building of affordable housing. $250,000 and up homes are not affordable if there are not jobs with compatible income in the area. ",Female,41-55,2,1,White or Caucasian,"$100,000-$149,999"
2021-05-20 10:56:20,2021-05-20 11:02:07,IP Address,104.132.191.111,100,346,True,2021-05-20 11:02:07,R_3prMZmypATbI1Mv,,,,,41.261505126953125,-95.8303985595703125,anonymous,EN,Yes,1-5 years,Unincorporated Mills County,,,,"Would be interested in down-sizing,Would be interested in a new construction single-family home","$250,000-$325,000",No,Own,,Single family home,,$300-$499,Excellent,Yes,No,Employment opportunities,,Single family home,Not at all important,Not at all important,Not at all important,Important,Very important,Important,Important,Important,Very important,,,Competent Government Leaders,Yes,4,5,1,3,2,6,Hire a new Assessor,Elect new county Board of Supervisors and dismantle the good old boy network.,Male,,,2,Don’t wish to answer,
2021-05-20 11:03:32,2021-05-20 11:09:08,IP Address,207.32.36.97,100,335,True,2021-05-20 11:09:08,R_2q7vhA9RenY52Xc,,,,,41.0457000732421875,-95.7353973388671875,anonymous,EN,Yes,More than 10 years,Glenwood,,,,Not interested in a different home,"$325,000-$400,000",Yes,Own,,Single family home,,"$1,500-1,999",Excellent,Yes,Yes,Not enough affordable housing,,Single family home,Important,Important,Important,Slightly important,Important,Very important,Extremely important,Slightly important,Extremely important,,,"I think Glenwood has it all. ",No,4,2,3,1,5,6,,,Male,41-55,2,3,White or Caucasian,"$150,000-$199,999"
2021-05-20 11:08:30,2021-05-20 11:16:46,IP Address,97.119.157.245,100,495,True,2021-05-20 11:16:46,R_1Qa81Fvz7iBXysc,,,,,41.264801025390625,-96.00009918212890625,anonymous,EN,Yes,More than 10 years,Glenwood,,,,Not interested in a different home,"$175,000-$250,000",Retired,Own,,Single family home,,$700-$899,Good,No,Yes,Not enough affordable housing,,"Condo,Independent Living Complex,Assisted Living Complex",Slightly important,Important,Very important,Very important,Important,Slightly important,Very important,Slightly important,Extremely important,,,Shopping ie: groceries miscellaneous items,Yes,3,2,4,5,1,6,,"More industries to support Glenwood   ",Female,56-70,,0,White or Caucasian,"$60,000-$79,999"
2021-05-20 11:17:05,2021-05-20 11:22:36,IP Address,97.119.188.206,100,331,True,2021-05-20 11:22:36,R_3G31oJ4BGgWKRbd,,,,,41.2975006103515625,-96.09929656982421875,anonymous,EN,Yes,More than 10 years,Malvern,,,,Not interested in a different home,"$250,000-$325,000",Retired,Own,,Single family home,,$500-$699,Good,Yes,Yes,Not enough affordable housing,,,Very important,Very important,Important,Very important,Slightly important,Important,Important,Slightly important,Very important,,,,No,5,4,2,3,1,6,,,Female,56-70,2,0,White or Caucasian,"$100,000-$149,999"
2021-05-20 11:19:24,2021-05-20 11:24:41,IP Address,67.3.165.105,100,317,True,2021-05-20 11:24:42,R_2R20mxJgVJq8MgQ,,,,,41.2884063720703125,-95.99720001220703125,anonymous,EN,Yes,More than 10 years,Glenwood,,,,Not interested in a different home,"$325,000-$400,000",No,Own,,Single family home,,"$2,000 or more",Good,Yes,Yes,Employment opportunities,,Single family home,Not at all important,Not at all important,Extremely important,Extremely important,Extremely important,Extremely important,Not at all important,Not at all important,Very important,Important,,"Library, park, trails",No,5,3,1,4,2,6,"Improve the schools to attract high income earners who value education for their kids. ",,Female,41-55,2,3,White or Caucasian,"$200,000 or more"
2021-05-20 11:14:47,2021-05-20 11:26:56,IP Address,206.214.229.83,100,729,True,2021-05-20 11:26:57,R_Zwv8zzSjIiryIbT,,,,,42.6844940185546875,-85.97640228271484375,anonymous,EN,Yes,More than 10 years,Malvern,,,,Not interested in a different home,"$250,000-$325,000",Yes,Own,,Single family home,,"$1,500-1,999",Excellent,No,Yes,Not enough affordable housing,,"Single family home,Independent Living Complex,Assisted Living Complex",Slightly important,Slightly important,Very important,Extremely important,Extremely important,Extremely important,Extremely important,Slightly important,Extremely important,Extremely important,"Rural road maintenance ","Schools, roads, Parks, trails, restaurants,  brewery,  fitness center, grocery stores,  shops for basic necessities and boutiques for gifts/decor",No,5,2,4,1,6,3,Ample and affordable day care options,"Transparency
Shop local to support businesses incentive to increase tax base
Be involved, locally!

",Female,56-70,2,0,White or Caucasian,"$150,000-$199,999"
2021-05-20 11:20:11,2021-05-20 11:27:10,IP Address,69.63.23.66,100,419,True,2021-05-20 11:27:10,R_1DUsqYGjWAZKfcX,,,,,41.0457000732421875,-95.7353973388671875,anonymous,EN,Yes,More than 10 years,Unincorporated Mills County,,,,Not interested in a different home,"Over $400,000",Yes,Own,,Single family home,,"$2,000 or more",Good,Yes,No,Other,Not enough residential developments outside of the incorporated towns,"Townhome,Single family home",Very important,Important,Extremely important,Important,Extremely important,Not at all important,Extremely important,Slightly important,Extremely important,,Lower taxes,Recreational activities,Yes,4,5,3,1,2,6,,"Infrastructure ",Male,56-70,2,0,Asian or Pacific Islander,"$200,000 or more"
2021-05-20 11:25:02,2021-05-20 11:37:24,IP Address,143.131.15.39,100,742,True,2021-05-20 11:37:25,R_Q4wMpgED1aKi8Df,,,,,41.848297119140625,-87.651702880859375,anonymous,EN,Yes,6-10 years,Pacific Junction,,,,Not interested in a different home,"$175,000-$250,000",Yes,Own,,Other,Single family home on acreage,"$1,500-1,999",Good,No,Yes,Other,"Not enough food/restaurant options, high taxes, not enough realtor competition.",Single family home,Important,Important,Very important,Important,Very important,Slightly important,Important,Not at all important,Very important,,"More restaurants, better grocery store","Very important! Need grocery store with deli, and drive through fast food options.",No,6,5,1,4,3,2,Lower taxes,"Realtor competition, lower taxes, pave more gravel roads",Female,56-70,2,0,Don’t wish to answer,"$100,000-$149,999"
2021-05-20 11:29:49,2021-05-20 11:38:42,IP Address,97.119.247.133,100,532,True,2021-05-20 11:38:42,R_3Ibkg32b0BWpz8b,,,,,41.26800537109375,-96.1156005859375,anonymous,EN,Yes,More than 10 years,Malvern,,,,Not interested in a different home,"$100,000-$175,000",Retired,Own,,Single family home,,Less than $300,Excellent,No,Yes,Not enough affordable housing,,,Very important,Very important,Important,Very important,Important,Not at all important,Very important,Very important,Important,,,"Shopping.  Restaurants. access to good streets for Walking or biking ",No,2,3,1,4,5,6,"Build houses that are affordable for non rich people. Surely under $100,000. is possible!!??",Houses and land are so expensive in mills county. Not affordable for lower income folks,Female,56-70,2,0,White or Caucasian,"$80,000-$99,999"
2021-05-20 11:37:43,2021-05-20 11:41:21,IP Address,97.119.134.224,100,217,True,2021-05-20 11:41:21,R_1rpLvzlc3NWXHhT,,,,,41.2884063720703125,-95.99720001220703125,anonymous,EN,Yes,More than 10 years,Glenwood,,,,Not interested in a different home,"Less than $100,000",Yes,Other,,Single family home,,,Good,No,No,Not enough affordable housing,,,Extremely important,Extremely important,Extremely important,Extremely important,Extremely important,Extremely important,Extremely important,Extremely important,Extremely important,Extremely important,,,No,1,2,4,3,5,6,,,Female,41-55,3,0,Don’t wish to answer,
2021-05-20 11:36:01,2021-05-20 11:43:21,IP Address,104.222.93.12,100,440,True,2021-05-20 11:43:22,R_1n0mB5CqpehXfvR,,,,,41.0457000732421875,-95.7353973388671875,anonymous,EN,Yes,More than 10 years,Malvern,,,,Not interested in a different home,"$100,000-$175,000",Yes,Own,,Single family home,,$700-$899,Fair,Yes,Yes,Not enough affordable housing,,"Townhome,Apartment,Independent Living Complex,Assisted Living Complex",Extremely important,Very important,Important,Very important,Slightly important,Not at all important,Extremely important,Slightly important,Extremely important,Not at all important,,"Parks, restaurants,  walkways",Yes,1,3,5,4,2,6,,Idk,Female,41-55,2,0,White or Caucasian,"$60,000-$79,999"
2021-05-20 11:42:53,2021-05-20 11:50:54,IP Address,166.181.84.88,100,480,True,2021-05-20 11:50:54,R_2dRB6o47Aji463b,,,,,41.6020965576171875,-93.612396240234375,anonymous,EN,Yes,More than 10 years,Glenwood,,,,Would be interested in a new construction single-family home,"Over $400,000",Yes,Own,,Single family home,,"$1,200-$1,499",Excellent,Yes,No,Not enough quality housing,,Single family home,Very important,Important,Important,Important,Important,Very important,Very important,Important,Extremely important,Extremely important,,,Yes,4,3,2,1,5,6,,,Male,41-55,4,3,White or Caucasian,"$100,000-$149,999"
2021-05-20 11:50:04,2021-05-20 11:54:01,IP Address,173.26.193.175,100,236,True,2021-05-20 11:54:01,R_1FqxFGNCAeob2kN,,,,,41.0457000732421875,-95.7353973388671875,anonymous,EN,Yes,6-10 years,Glenwood,,,,Would be interested in up-sizing,"Over $400,000",No,Own,,Single family home,,"$2,000 or more",Excellent,No,Yes,Not enough of the right home styles,,Single family home,Not at all important,Not at all important,Extremely important,Extremely important,Extremely important,Extremely important,Extremely important,Not at all important,Extremely important,Extremely important,Greater than 30 acres,Large number of acres,Yes,1,2,3,4,5,6,,Encourage new construction single and multi family,Female,41-55,3,4,White or Caucasian,"$200,000 or more"
2021-05-20 11:50:07,2021-05-20 11:55:42,IP Address,174.198.97.83,100,334,True,2021-05-20 11:55:42,R_1FD4xokpyhttMzs,,,,,41.75360107421875,-93.6927032470703125,anonymous,EN,Yes,More than 10 years,Unincorporated Mills County,,,,Not interested in a different home,"Less than $100,000",No,Own,,Single family home,,"$1,200-$1,499",Good,Yes,Yes,Employment opportunities,,Single family home,Not at all important,Not at all important,Important,Very important,Important,Important,Important,Not at all important,Important,Important,,,Yes,4,5,1,3,2,6,,,Male,56-70,1,0,White or Caucasian,"$100,000-$149,999"
2021-05-20 12:04:49,2021-05-20 12:10:21,IP Address,131.7.52.151,100,331,True,2021-05-20 12:10:22,R_12ba0YR4MvxoWZW,,,,,41.1156005859375,-95.9375,anonymous,EN,Yes,More than 10 years,Glenwood,,,,Not interested in a different home,"$250,000-$325,000",No,Own,,Single family home,,"$2,000 or more",Good,Yes,No,Not enough affordable housing,,,Not at all important,Not at all important,Extremely important,Extremely important,Extremely important,Important,Extremely important,Not at all important,Extremely important,,,Drive to work.,No,5,3,1,4,2,6,,"Either fix the outdated broken ones or tear them down.  I have noticed quite a few houses are abandoned or vacant and no one wants them.  Tear them down and build there.
",Male,,2,,Don’t wish to answer,"$200,000 or more"
2021-05-20 12:04:50,2021-05-20 12:10:36,IP Address,50.82.170.69,100,346,True,2021-05-20 12:10:36,R_3GjE5TQAYl8bZ2u,,,,,40.9474029541015625,-94.98059844970703125,anonymous,EN,Yes,6-10 years,Glenwood,,,,Not interested in a different home,"$175,000-$250,000",No,Own,,Single family home,,"$2,000 or more",Good,Yes,Yes,Not enough affordable housing,,Single family home,Important,Important,Important,Important,Slightly important,Important,Extremely important,Slightly important,Extremely important,,,,No,3,4,2,1,5,6,,,Female,41-55,3,0,White or Caucasian,"$150,000-$199,999"
2021-05-20 12:02:31,2021-05-20 12:11:47,IP Address,67.3.147.189,100,555,True,2021-05-20 12:11:47,R_1q7Zqlzk9wM4VsN,,,,,41.2884063720703125,-95.99720001220703125,anonymous,EN,Yes,More than 10 years,Unincorporated Mills County,,,,Not interested in a different home,,Yes,Own,,Single family home,,"$1,200-$1,499",Good,No,Yes,Employment opportunities,,Single family home,Not at all important,Not at all important,Important,Important,Very important,Important,Very important,Not at all important,Very important,,,,No,5,6,1,3,2,4,"Spend tax base appropriately. Attract home ownership and tax paying citizens. Renting is and should be a temporary situation not a permanent resolution. ","Strategic building plans. Planned development to better utilize the growing infrastructure. ",Male,41-55,3,2,Don’t wish to answer,"$80,000-$99,999"
2021-05-20 12:08:58,2021-05-20 12:11:48,IP Address,173.239.199.73,100,169,True,2021-05-20 12:11:48,R_3nIrEo5Y7vqZi30,,,,,42.0093994140625,-87.8354034423828125,anonymous,EN,Yes,More than 10 years,Unincorporated Mills County,,,,Not interested in a different home,"$325,000-$400,000",Yes,Own,,Single family home,,"$1,200-$1,499",Excellent,Yes,No,Employment opportunities,,,Not at all important,Not at all important,Important,Important,Important,Important,Extremely important,Slightly important,Extremely important,,,,No,4,6,3,2,1,5,,,Male,41-55,2,4,White or Caucasian,"$150,000-$199,999"
2021-05-20 12:12:05,2021-05-20 12:18:58,IP Address,97.119.103.161,100,413,True,2021-05-20 12:18:58,R_1FnQmgAbQKSSMg6,,,,,41.2884063720703125,-95.99720001220703125,anonymous,EN,Yes,More than 10 years,Glenwood,,,,Not interested in a different home,"$100,000-$175,000",Yes,Other,,Apartment,,Less than $300,Excellent,No,Yes,Not enough affordable housing,,Apartment,Extremely important,Extremely important,,,,,Extremely important,Extremely important,Extremely important,,,,No,1,3,4,2,5,6,,,Female,56-70,1,0,White or Caucasian,"$200,000 or more"
2021-05-20 12:11:03,2021-05-20 12:21:26,IP Address,67.54.179.22,100,622,True,2021-05-20 12:21:26,R_OjRxx90JGdcufVT,,,,,44.939697265625,-91.03060150146484375,anonymous,EN,Yes,More than 10 years,Glenwood,,,,Not interested in a different home,"Over $400,000",Yes,Own,,Single family home,,"$1,200-$1,499",Good,Yes,Yes,Not enough affordable housing,,"Townhome,Condo,Independent Living Complex,Assisted Living Complex",Very important,,Slightly important,Important,Important,Not at all important,Extremely important,Extremely important,Extremely important,,,"Restaurant, bike trails, social events.",No,4,3,2,5,1,6,,The housing is a problem it’s putting it on land that makes it so unaffordable!,Female,56-70,1,0,White or Caucasian,"$200,000 or more"
2021-05-20 12:27:32,2021-05-20 12:31:53,IP Address,50.82.171.7,100,261,True,2021-05-20 12:31:55,R_3rJrnSBEhQvcYhQ,,,,,40.668304443359375,-94.7335968017578125,anonymous,EN,Yes,More than 10 years,Unincorporated Mills County,,,,Not interested in a different home,"$250,000-$325,000",Yes,Own,,Single family home,,"$1,500-1,999",Excellent,Yes,Yes,Not enough affordable housing,,"Townhome,Condo,Single family home",Not at all important,Not at all important,Important,Slightly important,Very important,Extremely important,Extremely important,Not at all important,Extremely important,,,,Yes,3,4,1,2,5,6,,Improve broadband access,Female,26 - 40,1,1,White or Caucasian,"$60,000-$79,999"
2021-05-20 12:28:19,2021-05-20 12:34:01,IP Address,97.119.214.190,100,342,True,2021-05-20 12:34:02,R_3HwssU6lUHQGgKd,,,,,41.2093048095703125,-96.05480194091796875,anonymous,EN,Yes,More than 10 years,Glenwood,,,,Not interested in a different home,"Less than $100,000",No,Own,,Single family home,,"$900-$1,199",Poor,Yes,Yes,Not enough affordable housing,,"Condo,Single family home,Independent Living Complex",Extremely important,Extremely important,Important,Not at all important,Not at all important,Not at all important,Very important,Slightly important,Extremely important,Extremely important,City plowed road in winter,Dog park,No,4,2,1,5,3,6,,More sellers. Almost everything is Hughes and they are able to set the price standards very high,Female,26 - 40,1,0,White or Caucasian,"$60,000-$79,999"
2021-05-20 12:39:48,2021-05-20 12:47:14,IP Address,166.181.83.199,100,446,True,2021-05-20 12:47:14,R_24emF83Pyojf8BD,,,,,43.0381927490234375,-87.910003662109375,anonymous,EN,Yes,More than 10 years,Pacific Junction,,,,Not interested in a different home,"$100,000-$175,000",Retired,Own,,Single family home,,"$1,200-$1,499",Good,Yes,Yes,Not enough affordable housing,,"Apartment,Single family home,Independent Living Complex",Not at all important,Not at all important,Not at all important,Not at all important,Slightly important,Slightly important,Extremely important,Slightly important,Extremely important,,,,No,3,2,1,5,4,6,,,Female,56-70,1,0,White or Caucasian,"$40,000-$59,999"
2021-05-20 13:03:52,2021-05-20 13:09:07,IP Address,173.26.197.229,100,315,True,2021-05-20 13:09:07,R_bjvG41oLX3FCyrv,,,,,40.75,-95.04039764404296875,anonymous,EN,Yes,1-5 years,Glenwood,,,,Not interested in a different home,"$325,000-$400,000",Yes,Own,,Single family home,,"$1,200-$1,499",Excellent,Yes,No,Not enough of the right home styles,,Single family home,Slightly important,Important,Extremely important,Extremely important,Slightly important,Very important,Extremely important,Slightly important,Very important,,,,No,1,2,3,4,5,6,,,Male,,5 or more adults,2,Don’t wish to answer,"$150,000-$199,999"
2021-05-20 13:07:21,2021-05-20 13:11:55,IP Address,207.32.36.241,100,273,True,2021-05-20 13:11:56,R_07otpvg8g8d3cqZ,,,,,41.0457000732421875,-95.7353973388671875,anonymous,EN,Yes,1-5 years,Glenwood,,,,Not interested in a different home,"Over $400,000",No,Own,,Single family home,,$500-$699,Excellent,No,No,Not enough affordable housing,,"Townhome,Condo,Independent Living Complex,Assisted Living Complex",Very important,Very important,Very important,Very important,Slightly important,Extremely important,Extremely important,Important,Extremely important,,,"Restaurants, shopping, activities ",No,4,5,1,3,2,6,,"We desperately need more restaurant opportunities, particularly fast food.  ",Female,41-55,2,2,White or Caucasian,
2021-05-20 13:08:21,2021-05-20 13:12:41,IP Address,174.198.91.126,100,259,True,2021-05-20 13:12:41,R_2t9egRz4sYAv1KK,,,,,41.234100341796875,-96.16899871826171875,anonymous,EN,Yes,More than 10 years,Unincorporated Mills County,,,,Not interested in a different home,"$100,000-$175,000",No,Own,,Single family home,,"$900-$1,199",Fair,Yes,No,Not enough affordable housing,,,Slightly important,Slightly important,Slightly important,Slightly important,Very important,Not at all important,Slightly important,Not at all important,Slightly important,,,,No,1,2,5,3,4,6,,,Female,56-70,2,0,White or Caucasian,"$100,000-$149,999"
2021-05-20 13:05:58,2021-05-20 13:17:06,IP Address,104.222.88.99,100,668,True,2021-05-20 13:17:06,R_339yK3L4MWPqlbp,,,,,41.00439453125,-95.5915985107421875,anonymous,EN,Yes,1-5 years,Malvern,,,,Would be interested in down-sizing,"$100,000-$175,000",No,Own,,Single family home,,"$1,500-1,999",Good,No,No,Not enough affordable housing,,Single family home,Important,Important,Slightly important,Slightly important,Slightly important,Important,Important,Important,Important,,,"grocery store, library, affordable restaurants, senior citizen activities, children activities (to keep them out of trouble) ",No,5,2,1,3,4,6,,"keep taxes affordable, and don't let homes go to ruin or abandon. ",Female,26 - 40,3,0,White or Caucasian,"$80,000-$99,999"
2021-05-20 13:14:08,2021-05-20 13:26:47,IP Address,166.181.82.195,100,759,True,2021-05-20 13:26:48,R_6Kcz5WSkIXSC3iV,,,,,41.6020965576171875,-93.612396240234375,anonymous,EN,Yes,More than 10 years,Glenwood,,,,Would be interested in senior housing,"$100,000-$175,000",Retired,Other,,Apartment,,Less than $300,Excellent,No,Yes,Other,,Independent Living Complex,Extremely important,Extremely important,Slightly important,Important,Slightly important,Slightly important,Very important,Very important,Important,Important,,"Parks , restaurants,  library.",No,1,2,3,5,4,6,Senior apartments.,Keep taxes from going up so much.,Female,71+,3,2,White or Caucasian,"$80,000-$99,999"
2021-05-20 13:42:54,2021-05-20 13:48:21,IP Address,206.214.229.80,100,327,True,2021-05-20 13:48:21,R_1OUl0X2Rjs4vhNd,,,,,42.6844940185546875,-85.97640228271484375,anonymous,EN,Yes,1-5 years,Pacific Junction,,,,Not interested in a different home,"$325,000-$400,000",No,Own,,Single family home,,"$2,000 or more",Excellent,Yes,Yes,Other,"Not enough housing ",Single family home,Not at all important,Not at all important,Extremely important,Extremely important,Extremely important,Not at all important,Extremely important,Not at all important,Extremely important,,,None,Yes,4,3,5,2,1,6,,Pave Eastman Road,Female,26 - 40,2,5 or more children,Don’t wish to answer,"$100,000-$149,999"
2021-05-20 13:56:09,2021-05-20 14:04:31,IP Address,206.214.229.68,100,501,True,2021-05-20 14:04:31,R_31Y0ILNMngZqRB0,,,,,42.6844940185546875,-85.97640228271484375,anonymous,EN,Yes,1-5 years,Glenwood,,,,Would be interested in an existing single-family home,"$325,000-$400,000",No,Own,,Single family home,,"$2,000 or more",Good,Yes,Yes,Not enough of the right home styles,,Single family home,Slightly important,Slightly important,Extremely important,Extremely important,Extremely important,Slightly important,Extremely important,Not at all important,Extremely important,Extremely important,"Acreage land use (flat, lots of trees, away from busy roads)","Grocery store and we currently have horrible options.  Better restaurants, we only have a couple and they are just bar food.  People will not shop in the community if these are not offered. We do most of our shopping in Council Bluffs which is sad that we cannot  keep it local.",No,6,5,4,2,3,1,Better acreage opportunities and better restaurant/grocery opportunities as well as internet.,Bring in industry,Female,41-55,3,0,White or Caucasian,"$200,000 or more"
2021-05-20 14:03:48,2021-05-20 14:08:18,IP Address,97.119.164.151,100,269,True,2021-05-20 14:08:18,R_338Wyj4mJvoS2QJ,,,,,41.2975006103515625,-96.09929656982421875,anonymous,EN,Yes,More than 10 years,Silver City,,,,Not interested in a different home,"$325,000-$400,000",Retired,Own,,Single family home,,Less than $300,Excellent,No,No,Do not qualify for a home mortgage,,Townhome,Not at all important,Not at all important,Very important,Very important,Very important,Not at all important,Slightly important,Not at all important,Important,,,,No,4,5,1,2,3,6,,,Male,71+,2,0,Don’t wish to answer,"$60,000-$79,999"
2021-05-20 14:05:54,2021-05-20 14:11:20,IP Address,73.107.32.222,100,325,True,2021-05-20 14:11:20,R_1kFStVkN6HPjVPs,,,,,26.5366973876953125,-81.94460296630859375,anonymous,EN,Yes,More than 10 years,Glenwood,,,,Not interested in a different home,"$100,000-$175,000",Yes,Own,,Single family home,,Less than $300,Good,No,Yes,Not enough affordable housing,,,Extremely important,Extremely important,Very important,Extremely important,Very important,Important,Very important,Extremely important,Extremely important,,,Restaurants & shopping as in convience store,No,4,3,2,1,5,6,,,Female,56-70,2,0,White or Caucasian,"$80,000-$99,999"
2021-05-20 14:26:55,2021-05-20 14:34:43,IP Address,174.198.88.133,100,467,True,2021-05-20 14:34:43,R_1Pdh1btwtfwdI2j,,,,,41.2093048095703125,-96.05480194091796875,anonymous,EN,Yes,More than 10 years,Glenwood,,,,"Would be interested in a new construction single-family home,Would be interested in an existing single-family home","$175,000-$250,000",Yes,Own,,Single family home,,"$1,500-1,999",Good,Yes,Yes,Other,,Single family home,Extremely important,Extremely important,Very important,Extremely important,Very important,Slightly important,Extremely important,Important,Extremely important,,,,No,4,1,2,5,3,6,,"We need to look into the taxing and assessing situation. It is absolutely ridiculous that my taxes on a $150,000 home are $3,500 a year. The taxes could be the reason that we build or buy outside of Mills County.",Female,41-55,3,0,White or Caucasian,"$200,000 or more"
2021-05-20 14:51:02,2021-05-20 14:56:28,IP Address,97.119.162.42,100,326,True,2021-05-20 14:56:29,R_3lzX6FLS2etJc2W,,,,,41.29400634765625,-96.05410003662109375,anonymous,EN,Yes,1-5 years,Glenwood,,,,Not interested in a different home,"$175,000-$250,000",Yes,Own,,Single family home,,"$1,200-$1,499",Excellent,Yes,No,Not enough affordable housing,,Single family home,Not at all important,Not at all important,Important,Important,Extremely important,Extremely important,Extremely important,Not at all important,Very important,,,"Bars Restaurant ",No,2,3,4,1,5,6,,Get more Realtors in town.  Jim Hughes has a monopoly on the housing prices.,Female,41-55,2,0,White or Caucasian,"$150,000-$199,999"
2021-05-20 14:51:33,2021-05-20 14:57:02,IP Address,50.82.168.94,100,329,True,2021-05-20 14:57:03,R_OuT0ft72ZqU6X97,,,,,40.84039306640625,-95.2888031005859375,anonymous,EN,Yes,More than 10 years,Glenwood,,,,Not interested in a different home,"$250,000-$325,000",Retired,Own,,Duplex/Fourplex,,Less than $300,Excellent,No,Yes,Not enough affordable housing,,,Very important,Very important,,Very important,,,Very important,,Very important,,,,No,,,,,,,,,Female,71+,,0,White or Caucasian,"$60,000-$79,999"
2021-05-20 14:59:24,2021-05-20 15:05:41,IP Address,97.119.140.217,100,377,True,2021-05-20 15:05:41,R_7X7iCYPAIP7UIil,,,,,41.2884063720703125,-95.99720001220703125,anonymous,EN,Yes,More than 10 years,Pacific Junction,,,,Not interested in a different home,"$100,000-$175,000",Yes,Own,,Single family home,,$700-$899,Excellent,Yes,No,Other,,,Slightly important,Slightly important,Extremely important,Very important,Extremely important,Slightly important,Slightly important,Important,Important,Important,,,No,1,6,2,5,3,4,Less rules,"Lower taxes ",Male,56-70,2,0,White or Caucasian,"$40,000-$59,999"
2021-05-20 14:48:49,2021-05-20 15:08:03,IP Address,97.119.202.26,100,1153,True,2021-05-20 15:08:03,R_3h0CBfAdMsvl3Ki,,,,,41.264801025390625,-96.00009918212890625,anonymous,EN,Yes,1-5 years,Pacific Junction,,,,"Would be interested in up-sizing,Would be interested in a new construction single-family home","$325,000-$400,000",Yes,Own,,Single family home,,"$2,000 or more",Good,Yes,Yes,Other,Taxes are incredible too high for what this community has to offer.,Single family home,Not at all important,Not at all important,Extremely important,Important,Extremely important,Very important,Extremely important,Slightly important,Extremely important,,"Realistic taxes and valuations. ","Restaurants, recreation and shopping ",Yes,6,4,2,5,3,1,Get realistic about taxes and home values and the quality of our roads!,"There is little to no affordable housing in Mills Co. Taxes and the value that local authorities continue to increase on our properties each and every year needs to be drastically reduced. We’ve had 2 major economic crises hit this area. Some people lost everything. People lost jobs. Businesses closed but our taxes went up tens of thousands of dollars. We live on a gravel road that is so heavily trafficked that it’s almost always in terrible condition but my taxes keep going up. There is no excuse for some of the roads around here to not be paved at the rate at which they are travelled. When local Economic Development invests in businesses outside of Mills County rather than local, active businesses but the local businesses taxes keep going up, that becomes a hard pill to swallow. Better roads, realistic taxes, better community amenities and more good paying jobs are what every community needs to prosper. Mills County is no different. ",Female,26 - 40,2,3,White or Caucasian,"$80,000-$99,999"
2021-05-20 15:04:50,2021-05-20 15:24:50,IP Address,97.119.162.20,100,1199,True,2021-05-20 15:24:50,R_3ptLLPFbxrSN58c,,,,,41.29400634765625,-96.05410003662109375,anonymous,EN,Yes,More than 10 years,Glenwood,,,,"Would be interested in down-sizing,Would be interested in a new construction single-family home,Would be interested in an existing single-family home,Would be interested in senior housing","$175,000-$250,000",Retired,Own,,Single family home,,Less than $300,Good,Yes,No,Not enough affordable housing,,"Duplex,Condo,Single family home",Very important,Very important,Important,Slightly important,Slightly important,Not at all important,Extremely important,Very important,Slightly important,Extremely important,"Paved road ","Restaurants, libraries, grocery stores, department stores, gas stations, beauty salons, dog groomers/boarders, fast food ",Yes,4,5,3,2,1,6,,"Attract outside realty/builders to compete with present business that approaches monopoly status. Require SIRHA to hold their clients accountable for property care by more frequent unannounced inspections.  Hire additional inspectors to implement this plan. ",Female,71+,2,0,White or Caucasian,"$20,000-$39,999"
2021-05-20 15:22:41,2021-05-20 15:29:16,IP Address,207.32.36.208,100,394,True,2021-05-20 15:29:17,R_YbKwu67XQWModA5,,,,,41.0457000732421875,-95.7353973388671875,anonymous,EN,Yes,More than 10 years,Unincorporated Mills County,,,,Would be interested in up-sizing,"Over $400,000",No,Own,,Single family home,,"$2,000 or more",Excellent,Yes,Yes,Other,,Single family home,Not at all important,Not at all important,Extremely important,Very important,Extremely important,Not at all important,Important,Not at all important,Important,,,,No,1,2,3,4,5,6,,,Male,41-55,1,1,White or Caucasian,"$100,000-$149,999"
2021-05-20 15:39:01,2021-05-20 15:49:49,IP Address,97.119.119.138,100,647,True,2021-05-20 15:49:49,R_1IaemF1V8zDxDK8,,,,,41.264801025390625,-96.00009918212890625,anonymous,EN,Yes,More than 10 years,Glenwood,,,,Not interested in a different home,"$100,000-$175,000",Yes,Own,,Single family home,,"$900-$1,199",Good,Yes,Yes,Not enough affordable housing,,"Single family home,Independent Living Complex",Very important,Very important,Important,Important,Important,Not at all important,Extremely important,Very important,Extremely important,,,"Entertainment for all ages
Shopping businesses-like Walmart, etc
More variety for eating out (sit down or fast food)
Hotel or similar for out of town guests
",No,2,3,4,1,5,6,,,Female,56-70,3,0,White or Caucasian,"$40,000-$59,999"
2021-05-20 15:37:34,2021-05-20 15:53:09,IP Address,67.3.183.70,100,934,True,2021-05-20 15:53:09,R_W2OurR1JAOMzTTr,,,,,41.264801025390625,-96.00009918212890625,anonymous,EN,Yes,More than 10 years,Glenwood,,,,"Would be interested in down-sizing,Would be interested in renting,Would be interested in a new construction single-family home,Would be interested in an existing single-family home,Would be interested in senior housing","$100,000-$175,000",Retired,Own,,Single family home,,"$1,200-$1,499",Excellent,No,Yes,Not enough of the right home styles,,"Townhome,Condo,Apartment,Single family home,Independent Living Complex",Very important,Very important,Slightly important,Important,Not at all important,Not at all important,Slightly important,Important,Slightly important,,,"Spacing between neighbors, nice restaurants, close healthcare, improved infrastructure.",No,1,4,5,2,3,6,,"Try to control the high costs and limit the amount of ""low rent"" places that have popped up!",Male,56-70,2,0,White or Caucasian,"$20,000-$39,999"
2021-05-20 15:24:26,2021-05-20 15:56:18,IP Address,50.82.172.62,100,1911,True,2021-05-20 15:56:18,R_3Eg0ROGyotO1fJp,,,,,41.0457000732421875,-95.7353973388671875,anonymous,EN,Yes,6-10 years,Glenwood,,,,Would be interested in up-sizing,"$250,000-$325,000",Retired,Own,,Single family home,,"$1,500-1,999",Excellent,No,Yes,Not enough of the right home styles,,Single family home,Slightly important,Slightly important,Slightly important,Slightly important,Important,Extremely important,Extremely important,Not at all important,Extremely important,,Low crime,"Restaurants, parks, quality grocery store. ",No,2,5,3,1,4,6,,"Build more homes & quality apartments. ",Female,56-70,3,1,White or Caucasian,"$100,000-$149,999"
2021-05-20 15:54:13,2021-05-20 15:57:53,IP Address,50.82.161.166,100,220,True,2021-05-20 15:57:54,R_1i9d7aAX6ULbcE1,,,,,41.0457000732421875,-95.7353973388671875,anonymous,EN,Yes,More than 10 years,Glenwood,,,,Not interested in a different home,"$175,000-$250,000",Yes,Own,,Single family home,,"$2,000 or more",Excellent,No,Yes,Not enough affordable housing,,,Not at all important,Not at all important,Extremely important,Important,Extremely important,Extremely important,Extremely important,Important,Extremely important,Very important,,More restaurants and some sort of retail store.,No,5,4,1,2,3,6,,,Female,26 - 40,3,2,White or Caucasian,"$150,000-$199,999"
2021-05-20 15:53:34,2021-05-20 15:58:16,IP Address,97.119.121.36,100,281,True,2021-05-20 15:58:16,R_38ANzsuFC7zRjHj,,,,,41.29400634765625,-96.05410003662109375,anonymous,EN,Yes,More than 10 years,Pacific Junction,,,,Not interested in a different home,"$100,000-$175,000",Retired,Own,,Single family home,,"$900-$1,199",Fair,Yes,No,Not enough affordable housing,,"Independent Living Complex,Assisted Living Complex",Not at all important,Not at all important,Important,Important,Important,Important,Slightly important,Important,Important,Not at all important,,"Restaurant ",No,2,1,5,3,4,6,,,Female,56-70,2,0,White or Caucasian,"$20,000-$39,999"
2021-05-20 16:29:07,2021-05-20 16:37:13,IP Address,67.164.109.81,100,486,True,2021-05-20 16:37:14,R_XNDFNyl9DMa4Qg1,,,,,37.8567047119140625,-122.0218048095703125,anonymous,EN,Yes,More than 10 years,Glenwood,,,,Would be interested in down-sizing,,Retired,Own,,Single family home,,$300-$499,Good,No,No,Not enough affordable housing,,"Duplex,Townhome,Single family home",Not at all important,Important,Not at all important,Not at all important,Slightly important,Not at all important,Extremely important,Important,Important,,,"Restaurants ",No,1,2,4,3,5,6,,"Get it done ",Male,56-70,1,,White or Caucasian,"$100,000-$149,999"
2021-05-20 16:34:08,2021-05-20 16:45:46,IP Address,72.255.94.238,100,697,True,2021-05-20 16:45:46,R_3GjPU9HhyOXoerE,,,,,41.0457000732421875,-95.7353973388671875,anonymous,EN,Yes,More than 10 years,Unincorporated Mills County,,,,Would be interested in senior housing,"$175,000-$250,000",Retired,Own,,Single family home,,Less than $300,Excellent,No,Yes,Not enough affordable housing,,Townhome,Very important,Slightly important,Not at all important,Not at all important,Slightly important,Not at all important,Important,Important,Slightly important,,"Hard surface road ","Parks , restaurants ",No,5,4,3,1,2,6,,"Build affordable housing ",Male,71+,2,0,White or Caucasian,"$40,000-$59,999"
2021-05-20 17:01:48,2021-05-20 17:10:04,IP Address,154.6.20.138,100,496,True,2021-05-20 17:10:05,R_12srOpBUSz3nUJI,,,,,41.848297119140625,-87.651702880859375,anonymous,EN,Yes,6-10 years,Glenwood,,,,Would be interested in an existing single-family home,"$250,000-$325,000",No,Own,,Single family home,,"$2,000 or more",Good,No,Yes,Other,,Single family home,Very important,Very important,Extremely important,Very important,Extremely important,Not at all important,Extremely important,Not at all important,Extremely important,Important,,Restaurant options,Yes,5,1,2,4,3,6,,,Male,41-55,2,0,White or Caucasian,"$150,000-$199,999"
2021-05-20 17:29:44,2021-05-20 17:33:26,IP Address,173.189.166.178,100,221,True,2021-05-20 17:33:27,R_211xbWQT9DCOlYL,,,,,41.4761962890625,-91.57399749755859375,anonymous,EN,Yes,More than 10 years,Tabor,,,,Not interested in a different home,"$175,000-$250,000",No,Own,,Single family home,,"$900-$1,199",Good,Yes,No,Not enough affordable housing,,Single family home,Important,Not at all important,Extremely important,Extremely important,Important,Important,Extremely important,Important,Extremely important,,,Clean town no trash or rundown buildings,No,4,5,3,1,2,6,,LOWER TAXED,Female,26 - 40,3,1,White or Caucasian,"$100,000-$149,999"
2021-05-20 20:27:40,2021-05-20 20:36:34,IP Address,97.119.188.206,100,533,True,2021-05-20 20:36:35,R_3k7IKWKpKGVYlUB,,,,,41.2975006103515625,-96.09929656982421875,anonymous,EN,Yes,More than 10 years,Malvern,,,,Not interested in a different home,"$100,000-$175,000",Yes,Own,,Single family home,,$500-$699,Good,Yes,Yes,Employment opportunities,,Independent Living Complex,Extremely important,Very important,Slightly important,Slightly important,Slightly important,Slightly important,Important,Very important,Very important,,,"Recreational choices, restaurants, shops, varied.....",No,4,5,2,3,1,6,,"My opinion would be to attempt to land more business, bringing more financial stability to the area, and allowing more people the ability to have a wider option range of personal living choices.",Male,56-70,2,0,White or Caucasian,"$100,000-$149,999"
2021-05-20 21:26:00,2021-05-20 21:30:11,IP Address,97.119.119.162,100,250,True,2021-05-20 21:30:12,R_1nOp0PMdLhNL84t,,,,,41.264801025390625,-96.00009918212890625,anonymous,EN,Yes,More than 10 years,Glenwood,,,,Not interested in a different home,"$100,000-$175,000",Yes,Own,,Single family home,,"$900-$1,199",Good,Yes,Yes,Employment opportunities,,Single family home,Slightly important,Not at all important,Slightly important,Extremely important,Slightly important,Important,Very important,Important,Extremely important,,,"Sidewalks, children’s activities ",Yes,3,5,1,4,2,6,,"Working to keep money local ",Female,41-55,1,1,White or Caucasian,"$40,000-$59,999"
2021-05-20 22:12:20,2021-05-20 22:17:22,IP Address,173.26.195.164,100,302,True,2021-05-20 22:17:22,R_viYGfK2on7jgF9f,,,,,41.0072021484375,-95.22609710693359375,anonymous,EN,Yes,6-10 years,Glenwood,,,,Not interested in a different home,"$175,000-$250,000",No,Own,,Single family home,,"$1,500-1,999",Fair,No,No,Other,Property taxes,Single family home,Not at all important,Not at all important,Very important,Slightly important,Extremely important,Not at all important,Not at all important,Not at all important,Not at all important,Not at all important,,"The less the better ",No,1,2,4,3,5,6,"Fewer people ","Lower property taxes ",Male,26 - 40,,,,
2021-05-20 22:32:10,2021-05-20 22:37:24,IP Address,97.64.133.94,100,314,True,2021-05-20 22:37:25,R_3pbbR5vnTF3zEPK,,,,,41.0457000732421875,-95.7353973388671875,anonymous,EN,Yes,1-5 years,Glenwood,,,,Not interested in a different home,"$325,000-$400,000",No,Own,,Single family home,,"$1,500-1,999",Excellent,Yes,Yes,Not enough quality housing,,Single family home,Important,,Important,,Extremely important,,Extremely important,,Extremely important,,,"restaurants, parks, pool",No,3,5,1,2,4,6,,Get the taxes under control,Female,26 - 40,2,3,White or Caucasian,"$100,000-$149,999"
2021-05-21 02:53:24,2021-05-21 03:04:29,IP Address,173.215.113.108,100,664,True,2021-05-21 03:04:30,R_2qBHyDgW3wk7YOp,,,,,41.0457000732421875,-95.7353973388671875,anonymous,EN,Yes,More than 10 years,Glenwood,,,,Would be interested in down-sizing,"$175,000-$250,000",Retired,Own,,Single family home,,"$1,200-$1,499",Good,No,Yes,Not enough affordable housing,,"Townhome,Single family home,Independent Living Complex",Not at all important,Not at all important,Slightly important,Very important,Slightly important,Not at all important,Very important,Important,Very important,,,Decent grocery store with curbside pick up for online shopping,No,6,4,1,2,3,5,Improve online shopping and pick up,Lower taxes,Female,71+,2,0,White or Caucasian,"$80,000-$99,999"
2021-05-21 08:40:13,2021-05-21 08:49:17,IP Address,207.32.36.239,100,544,True,2021-05-21 08:49:17,R_2S99IaPed3IJBC5,,,,,41.0457000732421875,-95.7353973388671875,anonymous,EN,Yes,1-5 years,Glenwood,,,,Not interested in a different home,"$175,000-$250,000",No,Own,,Single family home,,"$2,000 or more",Good,Yes,Yes,Not enough affordable housing,,Single family home,Slightly important,Slightly important,Extremely important,Slightly important,Extremely important,Not at all important,Extremely important,Not at all important,Extremely important,,,"Grocery store, farm/feed store, infrastructure maintenance (roads)",Yes,4,2,3,5,1,6,,Strategic and deliberate planning for new housing development. We don't want the county covered in cheap cookie cutter subdivisions or high-end subdivisions catering to Omaha's affluent expats.,Female,41-55,2,0,Asian or Pacific Islander,"$150,000-$199,999"
2021-05-21 08:57:40,2021-05-21 09:00:26,IP Address,50.81.100.47,100,166,True,2021-05-21 09:00:26,R_1HpdfDD22j3qJIp,,,,,38.58709716796875,-91.50389862060546875,anonymous,EN,Yes,More than 10 years,Malvern,,,,"Would be interested in up-sizing,Would be interested in a new construction single-family home,Would be interested in an existing single-family home","Over $400,000",Yes,Own,,Single family home,,"$1,200-$1,499",Excellent,Yes,Yes,Not enough affordable housing,,Single family home,Slightly important,Slightly important,Important,Very important,Very important,Important,Very important,Not at all important,Extremely important,,,,Yes,4,5,1,2,3,6,,,Female,26 - 40,2,0,White or Caucasian,"$200,000 or more"
2021-05-21 17:47:06,2021-05-21 17:54:08,IP Address,174.243.112.208,100,422,True,2021-05-21 17:54:09,R_2dSBpj5ioyJlWas,,,,,41.264801025390625,-96.00009918212890625,anonymous,EN,Yes,6-10 years,Malvern,,,,Not interested in a different home,"$325,000-$400,000",No,Own,,Single family home,,"$2,000 or more",Excellent,Yes,Yes,Not enough affordable housing,,Single family home,Not at all important,Not at all important,Extremely important,Extremely important,Extremely important,Extremely important,Important,Not at all important,Extremely important,Extremely important,,quality roads/good schools/low crime,No,5,2,1,3,4,6,Keeping cheap housing out,"Target people with jobs. ",Male,26 - 40,2,3,I identify with 2 or more groups,"$150,000-$199,999"
2021-05-23 21:17:20,2021-05-23 21:23:26,IP Address,69.54.116.237,100,366,True,2021-05-23 21:23:26,R_31vDHTGflPRyHG9,,,,,41.0352935791015625,-92.79239654541015625,anonymous,EN,Yes,More than 10 years,Pacific Junction,,,,Not interested in a different home,,No,Own,,Single family home,,"$1,500-1,999",Good,Yes,Yes,Other,,Townhome,,,,,,,Important,Slightly important,Slightly important,,Affordable tax's,,No,3,2,4,1,6,5,,,Female,56-70,2,0,White or Caucasian,"$20,000-$39,999"
2021-05-25 20:20:53,2021-05-25 20:26:33,IP Address,50.82.161.244,100,340,True,2021-05-25 20:26:33,R_3fAZDNiItyXP3UE,,,,,41.0457000732421875,-95.7353973388671875,anonymous,EN,Yes,More than 10 years,Glenwood,,,,Not interested in a different home,"Less than $100,000",Retired,Own,,Single family home,,"$900-$1,199",Good,Yes,Yes,Not enough affordable housing,,Single family home,Not at all important,Not at all important,Slightly important,Extremely important,Important,Extremely important,Extremely important,Important,Extremely important,,,,No,5,2,3,4,1,6,,,Female,56-70,2,0,White or Caucasian,"$20,000-$39,999"
2021-05-26 11:33:49,2021-05-26 11:47:42,IP Address,208.95.206.162,100,832,True,2021-05-26 11:47:42,R_1C23aAY2tKQNjd9,,,,,41.0457000732421875,-95.7353973388671875,anonymous,EN,Yes,More than 10 years,Glenwood,,,,"Would be interested in up-sizing,Would be interested in a new construction single-family home,Would be interested in an existing single-family home","$175,000-$250,000",Yes,Own,,Single family home,,"$1,200-$1,499",Good,No,Yes,Not enough affordable housing,,Single family home,Extremely important,Extremely important,Important,Extremely important,Slightly important,Very important,Extremely important,Not at all important,Very important,Extremely important,"Flexibility to make improvements, customizations.","Parks, resturants, home good shopping, grocery store, churches. ",Yes,2,5,4,6,3,1,"Decreasing purchase prices of homes 20 years or older. ","Curb the raising home purchase prices. Build with less expensive countertops, stone countertops. Be more careful about where homes are built. Allow homeowners to apply and be granted construction variances when it meets the homeowners needs. Put a stop to slum lords more quickly, dilapidated houses.  ",Female,26 - 40,2,2,White or Caucasian,"$60,000-$79,999"
2021-05-20 10:29:29,2021-05-20 10:30:05,IP Address,174.198.88.252,24,36,False,2021-05-27 10:30:06,R_PSOMH941NrL5Fnj,,,,,,,anonymous,EN,Yes,1-5 years,Glenwood,,,,,,,,,,,,,,,,,,,,,,,,,,,,,,,,,,,,,,,,,,,,
2021-05-20 10:33:02,2021-05-20 10:35:35,IP Address,97.119.172.116,59,152,False,2021-05-27 10:35:37,R_1mDb60cOBzRcKBs,,,,,,,anonymous,EN,Yes,More than 10 years,Glenwood,,,,Not interested in a different home,"$250,000-$325,000",No,Own,,Single family home,,"$2,000 or more",Excellent,No,No,Other,,,,,,,,,,,,,,,,,,,,,,,,,,,,,
2021-05-20 10:42:12,2021-05-20 10:44:12,IP Address,209.34.193.5,62,120,False,2021-05-27 10:44:14,R_3pbhvdcY9Gk31yO,,,,,,,anonymous,EN,Yes,More than 10 years,Tabor,,,,Would be interested in senior housing,"$100,000-$175,000",No,Rent,,Single family home,,$300-$499,Good,No,Yes,Not enough affordable housing,,Independent Living Complex,,,,,,,,,,,,,,,,,,,,,,,,,,,
2021-05-20 11:11:21,2021-05-20 11:14:49,IP Address,207.28.34.4,76,207,False,2021-05-27 11:14:49,R_24oTvevMPLVV0Ht,,,,,,,anonymous,EN,Yes,More than 10 years,Glenwood,,,,Not interested in a different home,"$250,000-$325,000",Yes,Own,,Single family home,,"$1,200-$1,499",Excellent,Yes,Yes,Not enough affordable housing,,Single family home,Very important,Very important,Very important,Extremely important,Important,Extremely important,Extremely important,Slightly important,Extremely important,,,,No,,,,,,,,,,,,,,
2021-05-20 11:15:20,2021-05-20 11:17:10,IP Address,174.243.112.3,62,109,False,2021-05-27 11:17:10,R_9X0uEw1JjxWcu2t,,,,,,,anonymous,EN,Yes,1-5 years,Malvern,,,,Not interested in a different home,"Less than $100,000",Yes,Own,,Single family home,,"$900-$1,199",Fair,Yes,Yes,Not enough affordable housing,,Single family home,,,,,,,,,,,,,,,,,,,,,,,,,,,
2021-05-20 11:15:53,2021-05-20 11:18:03,IP Address,104.222.93.12,66,130,False,2021-05-27 11:18:05,R_1DpsvLwJ68oOGdC,,,,,,,anonymous,EN,No,,,"Difficult to find a home to purchase here that suits my family’s needs,I couldn’t find rental housing,Other",Cost of living too high,"More affordable housing options,Better quality housing options,More and better jobs,Shorter commute,Better community amenities (parks, community center, library, restaurants)",,"$100,000-$175,000",,,,,,,,,,Do not qualify for a home mortgage,,Single family home,Important,Important,Slightly important,Important,Important,Extremely important,Extremely important,Slightly important,Extremely important,Important,,,,,,,,,,,,,,,,,
2021-05-20 11:31:13,2021-05-20 11:31:51,IP Address,174.242.225.157,38,38,False,2021-05-27 11:31:52,R_3EsYkatmjdLTKqK,,,,,,,anonymous,EN,Yes,More than 10 years,Glenwood,,,,Not interested in a different home,"$250,000-$325,000",Yes,Own,,,,,,,,,,,,,,,,,,,,,,,,,,,,,,,,,,,,,
2021-05-20 11:39:05,2021-05-20 11:48:05,IP Address,166.182.85.75,76,539,False,2021-05-27 11:48:08,R_1FquaUe8BvLjcJ6,,,,,,,anonymous,EN,Yes,More than 10 years,Unincorporated Mills County,,,,Not interested in a different home,"$250,000-$325,000",No,Own,,Single family home,,"$900-$1,199",Excellent,Yes,Yes,Not enough affordable housing,,Single family home,Not at all important,Not at all important,Important,Important,Very important,Very important,Very important,Not at all important,Important,,,"Trails, parks, etc. 
variety of restaurants and places to go are nice. ",Yes,4,5,2,3,1,6,,,,,,,,
2021-05-20 11:52:33,2021-05-20 11:55:12,IP Address,69.80.126.47,52,159,False,2021-05-27 11:55:13,R_1oB8ad2638aO27F,,,,,,,anonymous,EN,Yes,More than 10 years,Hastings,,,,Would be interested in senior housing,"Less than $100,000",Retired,Own,,Single family home,,,,,,,,,,,,,,,,,,,,,,,,,,,,,,,,,,,
2021-05-20 12:03:21,2021-05-20 12:04:55,IP Address,97.119.166.193,59,94,False,2021-05-27 12:04:56,R_1K1n2qQ3luAwkBk,,,,,,,anonymous,EN,Yes,More than 10 years,Glenwood,,,,Not interested in a different home,"$250,000-$325,000",Retired,Own,,Single family home,,$300-$499,Excellent,Yes,Yes,Employment opportunities,,,,,,,,,,,,,,,,,,,,,,,,,,,,,
2021-05-20 10:57:11,2021-05-20 12:09:04,IP Address,50.82.172.65,66,4313,False,2021-05-27 12:09:05,R_2V9Y5ZuQY54dnjy,,,,,,,anonymous,EN,Yes,1-5 years,Glenwood,,,,Not interested in a different home,"$100,000-$175,000",Yes,Own,,Single family home,,"$1,500-1,999",Good,Yes,Yes,Not enough affordable housing,,Single family home,Very important,Very important,Important,Important,Important,Very important,Important,Slightly important,Very important,,,,,,,,,,,,,,,,,,
2021-05-20 12:03:47,2021-05-20 12:14:48,IP Address,69.63.23.227,66,660,False,2021-05-27 12:14:49,R_25Xf449RoLwWL1P,,,,,,,anonymous,EN,Yes,More than 10 years,Unincorporated Mills County,,,,Would be interested in senior housing,"$250,000-$325,000",Retired,Own,,Single family home,,$700-$899,Excellent,No,No,Not enough quality housing,,Independent Living Complex,,,,,,,,,,,,,,,,,,,,,,,,,,,
2021-05-27 12:34:15,2021-05-27 12:40:03,IP Address,166.181.84.172,100,347,True,2021-05-27 12:40:03,R_3jTYdRtHHKubUaS,,,,,41.6020965576171875,-93.612396240234375,anonymous,EN,Yes,More than 10 years,Glenwood,,,,"Would be interested in up-sizing,Would be interested in an existing single-family home","$175,000-$250,000",Yes,Own,,Single family home,,"$1,500-1,999",Good,Yes,Yes,Not enough affordable housing,,Single family home,Slightly important,Not at all important,Important,Important,Important,Very important,Very important,Slightly important,Extremely important,,,"Parks Restaurant options, community events, local shops",No,2,3,1,5,4,6,,,Female,41-55,2,3,White or Caucasian,"$80,000-$99,999"
2021-05-20 12:44:47,2021-05-20 12:47:43,IP Address,72.255.94.244,62,176,False,2021-05-27 12:47:44,R_pLAEArUzW4g1grL,,,,,,,anonymous,EN,Yes,More than 10 years,Unincorporated Mills County,,,,Not interested in a different home,,Retired,Own,,Single family home,,Less than $300,Excellent,Yes,No,Not enough affordable housing,,,,,,,,,,,,,,,,,,,,,,,,,,,,,
2021-05-20 13:22:10,2021-05-20 13:24:19,IP Address,50.82.166.3,72,128,False,2021-05-27 13:24:20,R_1P2h0xVo28E7ied,,,,,,,anonymous,EN,Yes,1-5 years,Glenwood,,,,"Would be interested in up-sizing,Would be interested in a new construction single-family home","$100,000-$175,000",Yes,Own,,Single family home,,"$1,200-$1,499",Good,Yes,Yes,Not enough affordable housing,,Single family home,Extremely important,Extremely important,Important,Important,Slightly important,Very important,Very important,Important,Extremely important,Not at all important,,,No,,,,,,,,,,,,,,
2021-05-20 13:30:24,2021-05-20 13:31:25,IP Address,97.119.219.55,38,61,False,2021-05-27 13:31:31,R_1dp1sQ04oToXGoo,,,,,,,anonymous,EN,Yes,1-5 years,Glenwood,,,,Not interested in a different home,"$100,000-$175,000",No,Rent,,,,,,,,,,,,,,,,,,,,,,,,,,,,,,,,,,,,,
2021-05-20 13:32:55,2021-05-20 13:34:29,IP Address,174.198.89.131,62,93,False,2021-05-27 13:34:29,R_3QKKJmuFzM3ukBT,,,,,,,anonymous,EN,Yes,More than 10 years,Glenwood,,,,Would be interested in a new construction single-family home,"Over $400,000",Yes,Own,,Single family home,,"$2,000 or more",Excellent,Yes,Yes,Employment opportunities,,Single family home,,,,,,,,,,,,,,,,,,,,,,,,,,,
2021-05-20 14:33:18,2021-05-20 14:36:42,IP Address,67.164.109.81,52,204,False,2021-05-27 14:36:45,R_AF1pYxnMx5q1ELT,,,,,,,anonymous,EN,Yes,More than 10 years,Glenwood,,,,Would be interested in down-sizing,"$325,000-$400,000",Retired,Own,,Single family home,,"$2,000 or more",Good,Yes,,,,,,,,,,,,,,,,,,,,,,,,,,,,,,,
2021-05-27 14:54:46,2021-05-27 15:06:06,IP Address,184.97.185.143,100,680,True,2021-05-27 15:06:07,R_1gvdtPigOuqCH8N,,,,,41.212005615234375,-96.11009979248046875,anonymous,EN,Yes,6-10 years,Malvern,,,,"Would be interested in down-sizing,Would be interested in a new construction single-family home,Would be interested in an existing single-family home","$175,000-$250,000",Yes,Own,,Single family home,,"$1,200-$1,499",Good,Yes,Yes,Not enough quality housing,,Single family home,Not at all important,Not at all important,,Extremely important,Very important,Not at all important,Very important,Important,Extremely important,Very important,maintained road,"Grocery store
Gas station
Restaurants
Maintained and well lit streets
Good drinking water
Car wash
Library
Bank
Snow removal
Senior activities

",Yes,5,4,2,1,3,6,,"Annex properties to build affordable housing. ",Female,56-70,2,0,White or Caucasian,"$150,000-$199,999"
2021-05-20 16:22:47,2021-05-20 16:23:25,IP Address,67.3.153.176,24,37,False,2021-05-27 16:23:27,R_1JE2PszElnQTyMD,,,,,,,anonymous,EN,Yes,1-5 years,Silver City,,,,,,,,,,,,,,,,,,,,,,,,,,,,,,,,,,,,,,,,,,,,
2021-05-20 17:12:50,2021-05-20 17:18:39,IP Address,97.119.197.39,72,349,False,2021-05-27 17:18:41,R_1poFIaw4tDvK5jJ,,,,,,,anonymous,EN,Yes,More than 10 years,Glenwood,,,,Not interested in a different home,,Retired,Own,,Single family home,,,Good,No,No,Not enough affordable housing,,,Slightly important,Slightly important,Slightly important,Slightly important,Slightly important,Not at all important,Slightly important,Slightly important,Slightly important,,,,No,,,,,,,,,,,,,,
2021-05-20 17:30:32,2021-05-20 17:32:34,IP Address,166.181.83.253,62,122,False,2021-05-27 17:32:36,R_1LHDptYqZC2NftU,,,,,,,anonymous,EN,Yes,More than 10 years,Unincorporated Mills County,,,,Not interested in a different home,"$100,000-$175,000",Yes,Own,,Mobile home,,$700-$899,Good,No,Yes,Employment opportunities,,,,,,,,,,,,,,,,,,,,,,,,,,,,,
2021-05-20 18:50:58,2021-05-20 18:53:15,IP Address,184.97.140.91,55,136,False,2021-05-27 18:53:20,R_2s0iq3DzPQmA4g5,,,,,,,anonymous,EN,Yes,More than 10 years,Malvern,,,,Would be interested in a new construction single-family home,"$250,000-$325,000",Yes,Own,,Single family home,,Less than $300,Good,No,No,,,,,,,,,,,,,,,,,,,,,,,,,,,,,,
2021-05-20 18:58:59,2021-05-20 19:00:22,IP Address,63.227.158.194,41,82,False,2021-05-27 19:00:24,R_3forM62876raAal,,,,,,,anonymous,EN,Yes,More than 10 years,Glenwood,,,,Not interested in a different home,,Yes,Own,,Single family home,,,,,,,,,,,,,,,,,,,,,,,,,,,,,,,,,,,
2021-05-20 19:29:34,2021-05-20 19:30:15,IP Address,69.80.122.132,34,40,False,2021-05-27 19:30:16,R_2Vqn6xoGNmTFXGA,,,,,,,anonymous,EN,Yes,1-5 years,Glenwood,,,,Not interested in a different home,,No,,,,,,,,,,,,,,,,,,,,,,,,,,,,,,,,,,,,,,
2021-05-20 19:37:40,2021-05-20 19:37:55,IP Address,173.26.195.246,24,14,False,2021-05-27 19:37:58,R_3D0UGT9qwsVw2qd,,,,,,,anonymous,EN,Yes,More than 10 years,Glenwood,,,,,,,,,,,,,,,,,,,,,,,,,,,,,,,,,,,,,,,,,,,,
2021-05-20 19:40:12,2021-05-20 19:42:19,IP Address,198.14.210.59,62,126,False,2021-05-27 19:42:23,R_3qyfUD7rG7utJrH,,,,,,,anonymous,EN,Yes,More than 10 years,Pacific Junction,,,,Not interested in a different home,"Less than $100,000",Retired,Own,,Mobile home,,Less than $300,Very bad,No,No,Not enough affordable housing,,,,,,,,,,,,,,,,,,,,,,,,,,,,,
2021-05-20 21:30:14,2021-05-20 21:32:01,IP Address,173.215.113.232,45,107,False,2021-05-27 21:32:05,R_2D7W7Bw8oKq3OLb,,,,,,,anonymous,EN,Yes,More than 10 years,Glenwood,,,,Not interested in a different home,"$100,000-$175,000",Retired,Own,,Single family home,,"$900-$1,199",,,,,,,,,,,,,,,,,,,,,,,,,,,,,,,,,
2021-05-21 07:19:41,2021-05-21 07:20:33,IP Address,166.181.84.147,62,51,False,2021-05-28 07:20:35,R_1eKItvdB5JIprHw,,,,,,,anonymous,EN,No,,,Other,,Shorter commute,,"$250,000-$325,000",,,,,,,,,,Not enough affordable housing,,Single family home,,,,,,,,,,,,,,,,,,,,,,,,,,,
2021-05-21 07:44:03,2021-05-21 07:45:27,IP Address,174.236.7.13,48,84,False,2021-05-28 07:45:29,R_1l6ORcGWcQwk9Ef,,,,,,,anonymous,EN,Yes,More than 10 years,Glenwood,,,,Not interested in a different home,"Over $400,000",Yes,Own,,Single family home,,Less than $300,Excellent,,,,,,,,,,,,,,,,,,,,,,,,,,,,,,,,
2021-05-28 08:18:13,2021-05-28 08:23:19,IP Address,173.26.194.42,100,306,True,2021-05-28 08:23:19,R_2PtxZ02bpGvgKsq,,,,,41.0072021484375,-95.22609710693359375,anonymous,EN,No,,,I own a home elsewhere,,More affordable housing options,,"$175,000-$250,000",,,,,,,,,,Not enough of the right home styles,,Single family home,Not at all important,Not at all important,Very important,Very important,Very important,Very important,Very important,Not at all important,Very important,,,"Grocery Store, Gas Station, Restaurants",No,3,4,2,1,5,6,,Enforce codes for rental housing; fix or tear down dilapidated homes,Female,41-55,2,0,White or Caucasian,"$100,000-$149,999"
2021-05-23 09:43:22,2021-05-23 09:47:09,IP Address,206.214.229.74,72,227,False,2021-05-30 09:47:10,R_8dIddPXtZ9dRUnT,,,,,,,anonymous,EN,Yes,6-10 years,Glenwood,,,,Not interested in a different home,"$100,000-$175,000",Yes,Own,,Single family home,,"$1,500-1,999",Good,Yes,Yes,Not enough affordable housing,,,Extremely important,Extremely important,Important,Important,Very important,Extremely important,Extremely important,Slightly important,Very important,,,"Parks ",Yes,,,,,,,,,,,,,,
2021-05-31 07:40:59,2021-05-31 07:45:51,IP Address,50.82.169.3,100,292,True,2021-05-31 07:45:51,R_2pMr4t0CrVAiztr,,,,,41.0457000732421875,-95.7353973388671875,anonymous,EN,Yes,1-5 years,Glenwood,,,,"Would be interested in up-sizing,Would be interested in a new construction single-family home,Would be interested in an existing single-family home","$250,000-$325,000",Yes,Own,,Single family home,,"$900-$1,199",Good,Yes,Yes,Not enough affordable housing,,"Townhome,Single family home,Independent Living Complex",Important,Important,Very important,Important,Extremely important,Important,Very important,Slightly important,Very important,,N/A,"Parks, activities like concerts and gatherings.",Yes,3,2,4,1,5,6,,Building more affordable housing and ensuring that current housing is kept in acceptable conditions.,Male,26 - 40,2,0,White or Caucasian,"$60,000-$79,999"
2021-05-26 05:40:30,2021-05-26 05:41:18,IP Address,97.119.165.80,41,48,False,2021-06-02 05:41:20,R_UsvGucQvCLCkDVD,,,,,,,anonymous,EN,Yes,,,,,,,,,,,,,,,,,,,,,,,,,,,,,,,,,,,,,,,,,,,,,,
2021-05-26 11:03:52,2021-05-26 11:08:03,IP Address,8.48.249.161,72,251,False,2021-06-02 11:08:04,R_cSnlD1x0gCQftNn,,,,,,,anonymous,EN,Yes,1-5 years,Glenwood,,,,Not interested in a different home,"$100,000-$175,000",No,Own,,Single family home,,"$1,200-$1,499",Good,Yes,Yes,Not enough quality housing,,Single family home,Very important,Important,Important,Important,Slightly important,Not at all important,Very important,Slightly important,Very important,,,"Variety ",No,,,,,,,,,,,,,,
2021-05-27 09:02:14,2021-05-27 09:02:51,IP Address,173.215.113.232,24,36,False,2021-06-03 09:02:52,R_zdSCVKdLTu8LhYt,,,,,,,anonymous,EN,Yes,More than 10 years,Glenwood,,,,,,,,,,,,,,,,,,,,,,,,,,,,,,,,,,,,,,,,,,,,
2021-05-27 15:12:02,2021-05-27 15:32:13,IP Address,63.230.40.97,76,1211,False,2021-06-03 15:32:16,R_1NjZHfHvhFG2Zlu,,,,,,,anonymous,EN,Yes,More than 10 years,Tabor,,,,Would be interested in renting,"$100,000-$175,000",Yes,Rent,,Single family home,,$500-$699,Fair,Yes,Yes,Not enough affordable housing,,"Duplex,Townhome,Apartment,Single family home",Extremely important,Very important,Important,Important,Slightly important,Slightly important,Important,Important,Important,,,"Gas stations, grocery stores/supply stores (Dollar General, Walmart/Target, HyVee, etc.), car wash, walking trail/park, court house",No,1,5,3,2,4,6,,,,,,,,
2021-05-27 21:09:16,2021-05-27 21:19:35,IP Address,69.63.23.60,76,618,False,2021-06-03 21:19:36,R_2dzQhoObQHGCf5R,,,,,,,anonymous,EN,Yes,More than 10 years,Glenwood,,,,Would be interested in a new construction single-family home,"$175,000-$250,000",No,Own,,Single family home,,$700-$899,Good,Yes,,Not enough affordable housing,,"Single family home,Assisted Living Complex",Very important,Very important,Extremely important,Very important,Very important,Very important,Extremely important,Extremely important,Extremely important,,,"Restaurants, grocery stores, general supply stores like Target/Walmart, Access to RECYCLING",Yes,4,3,2,5,1,6,,,,,,,,
2021-06-05 11:29:23,2021-06-05 11:34:56,IP Address,50.82.161.122,100,333,True,2021-06-05 11:34:56,R_8wTdjIydHtgPeOl,,,,,41.0457000732421875,-95.7353973388671875,anonymous,EN,Yes,More than 10 years,Glenwood,,,,Would be interested in senior housing,"Less than $100,000",Yes,Own,,Single family home,,"$1,200-$1,499",Good,Yes,No,Not enough affordable housing,,Independent Living Complex,Slightly important,Important,Slightly important,Important,Slightly important,Not at all important,Extremely important,Important,Extremely important,Important,,"Grocery Store & restraunts ",Yes,2,4,5,3,1,6,,,Female,56-70,3,1,Don’t wish to answer,"$100,000-$149,999"
2021-06-01 05:42:05,2021-06-01 05:46:27,IP Address,207.32.36.51,72,261,False,2021-06-08 05:46:29,R_2YRCQtprZfoE26v,,,,,,,anonymous,EN,Yes,More than 10 years,Glenwood,,,,Not interested in a different home,"$325,000-$400,000",Yes,Own,,Single family home,,Less than $300,Excellent,No,Yes,Employment opportunities,,"Townhome,Condo,Single family home",Very important,Very important,Important,Very important,Slightly important,Very important,Very important,Very important,Very important,,,"Golf course, ball parks , park, public swimming pool etc",No,,,,,,,,,,,,,,
2021-06-02 10:08:53,2021-06-02 10:11:34,IP Address,166.181.82.230,66,160,False,2021-06-09 10:11:35,R_1PTtaVcQuIHyM3B,,,,,,,anonymous,EN,Yes,6-10 years,Glenwood,,,,Not interested in a different home,"$325,000-$400,000",No,Own,,Single family home,,"$2,000 or more",Excellent,Yes,Yes,Not enough quality housing,,,Not at all important,Not at all important,Very important,Extremely important,Extremely important,Important,Extremely important,Slightly important,Very important,,,,,,,,,,,,,,,,,,
